{"0.015104193049748416":{"user_id":1},"0.20211969880927483":{"user_id":2},"0.9010227726734428":{"user_id":2}}